/*USERS*/
INSERT INTO public.users (id, name, email, username, dni, gender, password, avatar, phone, role, is_deleted, created_at,
                          updated_at)
VALUES ('15209374-dc26-4de0-b074-b27b6ec8ffb0', 'admin', 'admin@admin.com', 'admin', '54522318J', 0,
        '$2a$12$6zYSyOvkWfIsszTVQS0aruCT.9Mav8Zct1dMaupgVAFtbTgSzCRzG', 'assets/avatar.png', '666666666', 0, false,
        '2024-06-08 14:24:59.439000 +00:00', '2024-06-08 12:27:45.702636 +00:00');
INSERT INTO public.users (id, name, email, username, dni, gender, password, avatar, phone, role, is_deleted, created_at,
                          updated_at)
VALUES ('5d91f6b5-3270-4903-96fc-d0fc38a7b19a', 'Luis Fernández', 'luis.fernandez@example.com', 'luisf', '45678901E', 0,
        '$2a$12$2lKSbC2p9k/iYp9L8A18f.YsTjPFVE8bTSfrY2CaAf0ZrfEm0zCLm', 'assets/avatar.png', '600000005', 1, false,
        '2024-06-08 14:24:59.439000 +00:00', '2024-06-08 12:27:45.702636 +00:00');
INSERT INTO public.users (id, name, email, username, dni, gender, password, avatar, phone, role, is_deleted, created_at,
                          updated_at)
VALUES ('7e8bf518-1f40-4187-a641-3afaa11ca997', 'Juan Pérez', 'juan.perez@example.com', 'juanp', '12345678A', 0,
        '$2a$12$2lKSbC2p9k/iYp9L8A18f.YsTjPFVE8bTSfrY2CaAf0ZrfEm0zCLm', 'assets/avatar.png', '600000001', 1, false,
        '2024-06-08 14:24:59.439000 +00:00', '2024-06-08 12:27:45.702636 +00:00');
INSERT INTO public.users (id, name, email, username, dni, gender, password, avatar, phone, role, is_deleted, created_at,
                          updated_at)
VALUES ('521dd5f4-f38f-4f81-9dbd-65e050ddf43b', 'Miguel Sánchez', 'miguel.sanchez@example.com', 'miguels', '67890123G',
        0, '$2a$12$2lKSbC2p9k/iYp9L8A18f.YsTjPFVE8bTSfrY2CaAf0ZrfEm0zCLm', 'assets/avatar.png', '600000007', 1, false,
        '2024-06-08 14:24:59.439000 +00:00', '2024-06-08 12:27:45.702636 +00:00');
INSERT INTO public.users (id, name, email, username, dni, gender, password, avatar, phone, role, is_deleted, created_at,
                          updated_at)
VALUES ('4e5a2a85-7a18-43b8-b59a-b9857ac26c85', 'María López', 'maria.lopez@example.com', 'marial', '87654321B', 1,
        '$2a$12$2lKSbC2p9k/iYp9L8A18f.YsTjPFVE8bTSfrY2CaAf0ZrfEm0zCLm', 'assets/avatar.png', '600000002', 1, false,
        '2024-06-08 14:24:59.439000 +00:00', '2024-06-08 12:27:45.702636 +00:00');
INSERT INTO public.users (id, name, email, username, dni, gender, password, avatar, phone, role, is_deleted, created_at,
                          updated_at)
VALUES ('ccfe461d-9bb2-4e31-8636-6fec95cdd5ca', 'Carlos García', 'carlos.garcia@example.com', 'carlosg', '23456789C', 0,
        '$2a$12$2lKSbC2p9k/iYp9L8A18f.YsTjPFVE8bTSfrY2CaAf0ZrfEm0zCLm', 'assets/avatar.png', '600000003', 1, false,
        '2024-06-08 14:24:59.439000 +00:00', '2024-06-08 12:27:45.702636 +00:00');
INSERT INTO public.users (id, name, email, username, dni, gender, password, avatar, phone, role, is_deleted, created_at,
                          updated_at)
VALUES ('e8b41e68-a31b-4648-a879-edcda1f5d4eb', 'Laura Torres', 'laura.torres@example.com', 'laurat', '78901234H', 1,
        '$2a$12$2lKSbC2p9k/iYp9L8A18f.YsTjPFVE8bTSfrY2CaAf0ZrfEm0zCLm', 'assets/avatar.png', '600000008', 1, false,
        '2024-06-08 14:24:59.439000 +00:00', '2024-06-08 12:27:45.702636 +00:00');
INSERT INTO public.users (id, name, email, username, dni, gender, password, avatar, phone, role, is_deleted, created_at,
                          updated_at)
VALUES ('ca5cf6af-a16c-42b1-bef8-90fbcc9653fb', 'Lucía Rodríguez', 'lucia.rodriguez@example.com', 'luciar', '56789012F',
        1, '$2a$12$2lKSbC2p9k/iYp9L8A18f.YsTjPFVE8bTSfrY2CaAf0ZrfEm0zCLm', 'assets/avatar.png', '600000006', 1, false,
        '2024-06-08 14:24:59.439000 +00:00', '2024-06-08 12:27:45.702636 +00:00');
INSERT INTO public.users (id, name, email, username, dni, gender, password, avatar, phone, role, is_deleted, created_at,
                          updated_at)
VALUES ('1d121cbc-7456-4fed-86dd-1d6198a1ba68', 'David Ramírez', 'david.ramirez@example.com', 'davidr', '89012345I', 0,
        '$2a$12$2lKSbC2p9k/iYp9L8A18f.YsTjPFVE8bTSfrY2CaAf0ZrfEm0zCLm', 'assets/avatar.png', '600000009', 1, false,
        '2024-06-08 14:24:59.439000 +00:00', '2024-06-08 12:27:45.702636 +00:00');
INSERT INTO public.users (id, name, email, username, dni, gender, password, avatar, phone, role, is_deleted, created_at,
                          updated_at)
VALUES ('e5f5692a-6eca-4b2f-a3d4-360ac473367d', 'Sofía Ruiz', 'sofia.ruiz@example.com', 'sofiar', '90123456J', 1,
        '$2a$12$2lKSbC2p9k/iYp9L8A18f.YsTjPFVE8bTSfrY2CaAf0ZrfEm0zCLm', 'assets/avatar.png', '600000010', 1, false,
        '2024-06-08 14:24:59.439000 +00:00', '2024-06-08 12:27:45.702636 +00:00');
INSERT INTO public.users (id, name, email, username, dni, gender, password, avatar, phone, role, is_deleted, created_at,
                          updated_at)
VALUES ('b7c329af-e57a-49c7-a1e8-899b09f5a058', 'Ana Martínez', 'ana.martinez@example.com', 'anam', '34567890D', 1,
        '$2a$12$2lKSbC2p9k/iYp9L8A18f.YsTjPFVE8bTSfrY2CaAf0ZrfEm0zCLm', 'assets/avatar.png', '600000004', 1, false,
        '2024-06-08 14:24:59.439000 +00:00', '2024-06-08 12:27:45.702636 +00:00');

/*BANKACCOUNTS*/
INSERT INTO public.bank_accounts (iban, balance, account_type, is_deleted, accept_bizum)
VALUES ('ES9356156516220141802806', 1000.5, 0, false, true);
INSERT INTO public.bank_accounts (iban, balance, account_type, is_deleted, accept_bizum)
VALUES ('ES4656156516220141802807', 200.75, 1, false, false);
INSERT INTO public.bank_accounts (iban, balance, account_type, is_deleted, accept_bizum)
VALUES ('ES2756156516220141802808', 1500, 2, false, true);
INSERT INTO public.bank_accounts (iban, balance, account_type, is_deleted, accept_bizum)
VALUES ('ES3156156516220141802809', 300.2, 3, false, false);
INSERT INTO public.bank_accounts (iban, balance, account_type, is_deleted, accept_bizum)
VALUES ('ES7656156516220141802810', 4500.6, 4, false, true);
INSERT INTO public.bank_accounts (iban, balance, account_type, is_deleted, accept_bizum)
VALUES ('ES1556156516220141802811', 250, 0, false, false);
INSERT INTO public.bank_accounts (iban, balance, account_type, is_deleted, accept_bizum)
VALUES ('ES5956156516220141802812', 3600.45, 1, false, true);
INSERT INTO public.bank_accounts (iban, balance, account_type, is_deleted, accept_bizum)
VALUES ('ES8056156516220141802813', 780.9, 2, false, false);
INSERT INTO public.bank_accounts (iban, balance, account_type, is_deleted, accept_bizum)
VALUES ('ES4356156516220141802814', 999.99, 3, false, true);
INSERT INTO public.bank_accounts (iban, balance, account_type, is_deleted, accept_bizum)
VALUES ('ES6856156516220141802815', 5500.75, 4, false, false);
INSERT INTO public.bank_accounts (iban, balance, account_type, is_deleted, accept_bizum)
VALUES ('ES1556156516220141802805', 750, 1, false, true);

/*USER-BANKACCOUNT*/
INSERT INTO public."UserBankAccount" ("UsersId", "BankAccountsId")
VALUES ('15209374-dc26-4de0-b074-b27b6ec8ffb0', 'ES1556156516220141802805');
INSERT INTO public."UserBankAccount" ("UsersId", "BankAccountsId")
VALUES ('7e8bf518-1f40-4187-a641-3afaa11ca997', 'ES9356156516220141802806');
INSERT INTO public."UserBankAccount" ("UsersId", "BankAccountsId")
VALUES ('4e5a2a85-7a18-43b8-b59a-b9857ac26c85', 'ES4656156516220141802807');
INSERT INTO public."UserBankAccount" ("UsersId", "BankAccountsId")
VALUES ('ccfe461d-9bb2-4e31-8636-6fec95cdd5ca', 'ES2756156516220141802808');
INSERT INTO public."UserBankAccount" ("UsersId", "BankAccountsId")
VALUES ('b7c329af-e57a-49c7-a1e8-899b09f5a058', 'ES3156156516220141802809');
INSERT INTO public."UserBankAccount" ("UsersId", "BankAccountsId")
VALUES ('5d91f6b5-3270-4903-96fc-d0fc38a7b19a', 'ES7656156516220141802810');
INSERT INTO public."UserBankAccount" ("UsersId", "BankAccountsId")
VALUES ('ca5cf6af-a16c-42b1-bef8-90fbcc9653fb', 'ES1556156516220141802811');
INSERT INTO public."UserBankAccount" ("UsersId", "BankAccountsId")
VALUES ('521dd5f4-f38f-4f81-9dbd-65e050ddf43b', 'ES5956156516220141802812');
INSERT INTO public."UserBankAccount" ("UsersId", "BankAccountsId")
VALUES ('e8b41e68-a31b-4648-a879-edcda1f5d4eb', 'ES8056156516220141802813');
INSERT INTO public."UserBankAccount" ("UsersId", "BankAccountsId")
VALUES ('1d121cbc-7456-4fed-86dd-1d6198a1ba68', 'ES4356156516220141802814');
INSERT INTO public."UserBankAccount" ("UsersId", "BankAccountsId")
VALUES ('e5f5692a-6eca-4b2f-a3d4-360ac473367d', 'ES6856156516220141802815');

/*CARDS*/
INSERT INTO public.cards (card_number, pin, card_type, expiration_date, cvv, is_deleted, is_blocked, user_id,
                          bank_account_iban)
VALUES ('4077103747181330', 'Xvk5jSwFCftu+bEucW2T9w==', 0, '2028-06-08 12:31:45.158839 +00:00',
        'oxztVXuyaRUMha7p3obRPg==', false, false, '15209374-dc26-4de0-b074-b27b6ec8ffb0', 'ES1556156516220141802805');
INSERT INTO public.cards (card_number, pin, card_type, expiration_date, cvv, is_deleted, is_blocked, user_id,
                          bank_account_iban)
VALUES ('4111111111111112', 'Xvk5jSwFCftu+bEucW2T9w==', 2, '2026-03-08 12:31:45.158839 +00:00',
        'oxztVXuyaRUMha7p3obRPg==', false, false, '5d91f6b5-3270-4903-96fc-d0fc38a7b19a', 'ES6856156516220141802815');
INSERT INTO public.cards (card_number, pin, card_type, expiration_date, cvv, is_deleted, is_blocked, user_id,
                          bank_account_iban)
VALUES ('4539474610926876', 'Xvk5jSwFCftu+bEucW2T9w==', 1, '2028-07-08 12:31:45.158839 +00:00',
        'oxztVXuyaRUMha7p3obRPg==', false, false, '4e5a2a85-7a18-43b8-b59a-b9857ac26c85', 'ES4656156516220141802807');
INSERT INTO public.cards (card_number, pin, card_type, expiration_date, cvv, is_deleted, is_blocked, user_id,
                          bank_account_iban)
VALUES ('4111111111111111', 'Xvk5jSwFCftu+bEucW2T9w==', 0, '2026-11-08 12:31:45.158839 +00:00',
        'oxztVXuyaRUMha7p3obRPg==', false, false, '7e8bf518-1f40-4187-a641-3afaa11ca997', 'ES1556156516220141802811');
INSERT INTO public.cards (card_number, pin, card_type, expiration_date, cvv, is_deleted, is_blocked, user_id,
                          bank_account_iban)
VALUES ('4716359302018679', 'Xvk5jSwFCftu+bEucW2T9w==', 2, '2027-09-08 12:31:45.158839 +00:00',
        'oxztVXuyaRUMha7p3obRPg==', false, false, 'b7c329af-e57a-49c7-a1e8-899b09f5a058', 'ES3156156516220141802809');
INSERT INTO public.cards (card_number, pin, card_type, expiration_date, cvv, is_deleted, is_blocked, user_id,
                          bank_account_iban)
VALUES ('4929033435762397', 'Xvk5jSwFCftu+bEucW2T9w==', 5, '2029-08-08 12:31:45.158839 +00:00',
        'oxztVXuyaRUMha7p3obRPg==', false, false, 'ccfe461d-9bb2-4e31-8636-6fec95cdd5ca', 'ES2756156516220141802808');
INSERT INTO public.cards (card_number, pin, card_type, expiration_date, cvv, is_deleted, is_blocked, user_id,
                          bank_account_iban)
VALUES ('4485967391279048', 'Xvk5jSwFCftu+bEucW2T9w==', 6, '2026-10-08 12:31:45.158839 +00:00',
        'oxztVXuyaRUMha7p3obRPg==', false, false, '5d91f6b5-3270-4903-96fc-d0fc38a7b19a', 'ES7656156516220141802810');
INSERT INTO public.cards (card_number, pin, card_type, expiration_date, cvv, is_deleted, is_blocked, user_id,
                          bank_account_iban)
VALUES ('4555555555554444', 'Xvk5jSwFCftu+bEucW2T9w==', 4, '2028-12-08 12:31:45.158839 +00:00',
        'oxztVXuyaRUMha7p3obRPg==', false, false, '4e5a2a85-7a18-43b8-b59a-b9857ac26c85', 'ES5956156516220141802812');
INSERT INTO public.cards (card_number, pin, card_type, expiration_date, cvv, is_deleted, is_blocked, user_id,
                          bank_account_iban)
VALUES ('4222222222222222', 'Xvk5jSwFCftu+bEucW2T9w==', 3, '2027-02-08 12:31:45.158839 +00:00',
        'oxztVXuyaRUMha7p3obRPg==', false, false, 'b7c329af-e57a-49c7-a1e8-899b09f5a058', 'ES4356156516220141802814');
INSERT INTO public.cards (card_number, pin, card_type, expiration_date, cvv, is_deleted, is_blocked, user_id,
                          bank_account_iban)
VALUES ('4012888888881881', 'Xvk5jSwFCftu+bEucW2T9w==', 2, '2029-01-08 12:31:45.158839 +00:00',
        'oxztVXuyaRUMha7p3obRPg==', false, false, 'ccfe461d-9bb2-4e31-8636-6fec95cdd5ca', 'ES8056156516220141802813');
INSERT INTO public.cards (card_number, pin, card_type, expiration_date, cvv, is_deleted, is_blocked, user_id,
                          bank_account_iban)
VALUES ('4077103747181331', 'Xvk5jSwFCftu+bEucW2T9w==', 1, '2028-06-08 12:31:45.158839 +00:00',
        'oxztVXuyaRUMha7p3obRPg==', false, false, '7e8bf518-1f40-4187-a641-3afaa11ca997', 'ES9356156516220141802806');

/*TRANSACTIONS*/
INSERT INTO public.transactions (concept, amount, iban_account_origin, iban_account_destination, date)
VALUES ('Cena romantica', 1, 'ES1556156516220141802805', 'ES3156156516220141802809',
        '2024-06-08 13:41:54.090489 +00:00');
INSERT INTO public.transactions (concept, amount, iban_account_origin, iban_account_destination, date)
VALUES ('Kebap', 5.5, 'ES3156156516220141802809', 'ES1556156516220141802805', '2024-06-08 13:43:34.739738 +00:00');
INSERT INTO public.transactions (concept, amount, iban_account_origin, iban_account_destination, date)
VALUES ('Cena romántica', 50, 'ES9356156516220141802806', 'ES4656156516220141802807',
        '2024-06-01 19:30:54.090489 +00:00');
INSERT INTO public.transactions (concept, amount, iban_account_origin, iban_account_destination, date)
VALUES ('Kebab', 5.5, 'ES4656156516220141802807', 'ES9356156516220141802806', '2024-06-02 13:43:34.739738 +00:00');
INSERT INTO public.transactions (concept, amount, iban_account_origin, iban_account_destination, date)
VALUES ('Compra supermercado', 120, 'ES2756156516220141802808', 'ES3156156516220141802809',
        '2024-06-03 15:20:22.310278 +00:00');
INSERT INTO public.transactions (concept, amount, iban_account_origin, iban_account_destination, date)
VALUES ('Gasolina', 40, 'ES3156156516220141802809', 'ES2756156516220141802808', '2024-06-04 11:45:12.487620 +00:00');
INSERT INTO public.transactions (concept, amount, iban_account_origin, iban_account_destination, date)
VALUES ('Ropa', 75.5, 'ES7656156516220141802810', 'ES1556156516220141802811', '2024-06-05 16:32:10.781237 +00:00');
INSERT INTO public.transactions (concept, amount, iban_account_origin, iban_account_destination, date)
VALUES ('Regalo cumpleaños', 30, 'ES1556156516220141802811', 'ES5956156516220141802812',
        '2024-06-06 14:50:45.238409 +00:00');
INSERT INTO public.transactions (concept, amount, iban_account_origin, iban_account_destination, date)
VALUES ('Cena en restaurante', 85, 'ES5956156516220141802812', 'ES8056156516220141802813',
        '2024-06-07 20:15:34.027512 +00:00');
INSERT INTO public.transactions (concept, amount, iban_account_origin, iban_account_destination, date)
VALUES ('Libros', 45, 'ES8056156516220141802813', 'ES4356156516220141802814', '2024-06-08 09:22:15.389602 +00:00');
INSERT INTO public.transactions (concept, amount, iban_account_origin, iban_account_destination, date)
VALUES ('Cine', 12, 'ES4356156516220141802814', 'ES6856156516220141802815', '2024-06-09 18:30:54.480920 +00:00');
INSERT INTO public.transactions (concept, amount, iban_account_origin, iban_account_destination, date)
VALUES ('Suscripción gimnasio', 35, 'ES6856156516220141802815', 'ES9356156516220141802806',
        '2024-06-10 07:15:14.013475 +00:00');
INSERT INTO public.transactions (concept, amount, iban_account_origin, iban_account_destination, date)
VALUES ('Vacaciones', 500, 'ES9356156516220141802806', 'ES2756156516220141802808', '2024-06-11 10:45:32.238410 +00:00');
INSERT INTO public.transactions (concept, amount, iban_account_origin, iban_account_destination, date)
VALUES ('Entradas concierto', 100, 'ES2756156516220141802808', 'ES3156156516220141802809',
        '2024-06-12 11:23:50.214578 +00:00');
INSERT INTO public.transactions (concept, amount, iban_account_origin, iban_account_destination, date)
VALUES ('Reparación coche', 300, 'ES3156156516220141802809', 'ES7656156516220141802810',
        '2024-06-13 15:45:12.218409 +00:00');
INSERT INTO public.transactions (concept, amount, iban_account_origin, iban_account_destination, date)
VALUES ('Hotel', 150, 'ES7656156516220141802810', 'ES1556156516220141802811', '2024-06-14 19:32:40.021341 +00:00');
INSERT INTO public.transactions (concept, amount, iban_account_origin, iban_account_destination, date)
VALUES ('Taxi', 20, 'ES1556156516220141802811', 'ES5956156516220141802812', '2024-06-15 08:30:50.023489 +00:00');
INSERT INTO public.transactions (concept, amount, iban_account_origin, iban_account_destination, date)
VALUES ('Compras online', 60, 'ES5956156516220141802812', 'ES8056156516220141802813',
        '2024-06-16 13:14:22.019324 +00:00');
INSERT INTO public.transactions (concept, amount, iban_account_origin, iban_account_destination, date)
VALUES ('Entrada museo', 15, 'ES8056156516220141802813', 'ES4356156516220141802814',
        '2024-06-17 10:30:54.020145 +00:00');
INSERT INTO public.transactions (concept, amount, iban_account_origin, iban_account_destination, date)
VALUES ('Comida rápida', 10, 'ES4356156516220141802814', 'ES6856156516220141802815',
        '2024-06-18 12:45:12.018341 +00:00');
INSERT INTO public.transactions (concept, amount, iban_account_origin, iban_account_destination, date)
VALUES ('Electricidad', 90, 'ES6856156516220141802815', 'ES9356156516220141802806',
        '2024-06-19 09:22:34.017409 +00:00');
INSERT INTO public.transactions (concept, amount, iban_account_origin, iban_account_destination, date)
VALUES ('Agua', 25, 'ES9356156516220141802806', 'ES4656156516220141802807', '2024-06-20 11:23:50.015678 +00:00');
INSERT INTO public.transactions (concept, amount, iban_account_origin, iban_account_destination, date)
VALUES ('Gas', 30, 'ES4656156516220141802807', 'ES2756156516220141802808', '2024-06-21 14:15:32.014409 +00:00');
INSERT INTO public.transactions (concept, amount, iban_account_origin, iban_account_destination, date)
VALUES ('Internet', 40, 'ES2756156516220141802808', 'ES3156156516220141802809', '2024-06-22 18:30:50.013489 +00:00');
INSERT INTO public.transactions (concept, amount, iban_account_origin, iban_account_destination, date)
VALUES ('Teléfono', 20, 'ES3156156516220141802809', 'ES7656156516220141802810', '2024-06-23 08:45:12.012409 +00:00');
INSERT INTO public.transactions (concept, amount, iban_account_origin, iban_account_destination, date)
VALUES ('Comida', 50, 'ES7656156516220141802810', 'ES1556156516220141802811', '2024-06-24 09:22:34.011509 +00:00');
INSERT INTO public.transactions (concept, amount, iban_account_origin, iban_account_destination, date)
VALUES ('Ropa', 80, 'ES1556156516220141802811', 'ES5956156516220141802812', '2024-06-25 11:23:50.010609 +00:00');
INSERT INTO public.transactions (concept, amount, iban_account_origin, iban_account_destination, date)
VALUES ('Mantenimiento', 120, 'ES5956156516220141802812', 'ES8056156516220141802813',
        '2024-06-26 14:15:32.009709 +00:00');
INSERT INTO public.transactions (concept, amount, iban_account_origin, iban_account_destination, date)
VALUES ('Transporte', 15, 'ES8056156516220141802813', 'ES4356156516220141802814', '2024-06-27 10:30:50.008809 +00:00');
INSERT INTO public.transactions (concept, amount, iban_account_origin, iban_account_destination, date)
VALUES ('Estudios', 200, 'ES4356156516220141802814', 'ES6856156516220141802815', '2024-06-28 13:14:22.007909 +00:00');
INSERT INTO public.transactions (concept, amount, iban_account_origin, iban_account_destination, date)
VALUES ('Deporte', 45, 'ES6856156516220141802815', 'ES9356156516220141802806', '2024-06-29 12:45:12.007009 +00:00');
INSERT INTO public.transactions (concept, amount, iban_account_origin, iban_account_destination, date)
VALUES ('Hogar', 250, 'ES9356156516220141802806', 'ES4656156516220141802807', '2024-06-30 10:22:34.006109 +00:00');
INSERT INTO public.transactions (concept, amount, iban_account_origin, iban_account_destination, date)
VALUES ('Entretenimiento', 70, 'ES4656156516220141802807', 'ES2756156516220141802808',
        '2024-07-01 11:23:50.005209 +00:00');
INSERT INTO public.transactions (concept, amount, iban_account_origin, iban_account_destination, date)
VALUES ('Tecnología', 150, 'ES2756156516220141802808', 'ES3156156516220141802809', '2024-07-02 15:32:40.004309 +00:00');
INSERT INTO public.transactions (concept, amount, iban_account_origin, iban_account_destination, date)
VALUES ('Salud', 60, 'ES3156156516220141802809', 'ES7656156516220141802810', '2024-07-03 09:22:34.003409 +00:00');
INSERT INTO public.transactions (concept, amount, iban_account_origin, iban_account_destination, date)
VALUES ('Educación', 80, 'ES7656156516220141802810', 'ES1556156516220141802811', '2024-07-04 14:30:50.002509 +00:00');
INSERT INTO public.transactions (concept, amount, iban_account_origin, iban_account_destination, date)
VALUES ('Viaje', 300, 'ES1556156516220141802811', 'ES5956156516220141802812', '2024-07-05 16:45:12.001609 +00:00');
